type,capacity,n,t_v1,t_v2,s_v1,s_v2,time_v1,time_v2
uncorr,                      1000,      500,1001,        1001,     1001,        1001,     0.156721,0.085714
almost,                      1000,      500,1001,        1001,     1001,        1001,     0.138708,0.129143
inv,                      1000,      500,1001,        1001,     966,        966,     0.161438,0.106829
str,                      1000,      500,1001,        1001,     1001,        1001,     0.175816,0.100125
weak,                      1000,      500,1001,        1001,     1001,        1001,     0.130166,0.085347
